,DCM,retailETS,bess 1 fixed_om,bess 1 var_om
1.0,28272.776550769937,59487.721368124694,2500.0,0.0
