,DCM,retailETS,CP,bess 1 fixed_om,bess 1 var_om
1.0,28689.843823048403,59482.1345099813,28073.740773300746,2500.0,0.0
